{
  "precision": 0.03243958953988745,
  "recall": 1.0,
  "f1": 0.0628406540557871,
  "roc_auc": 0.9998300635673514,
  "pr_auc": 0.9716401262342728,
  "threshold": 1.0673543214797974,
  "n_test_samples": 56962,
  "fraud_detected": 3021,
  "total_fraud": 98,
  "trained_at": "2026-04-22T19:58:07.859240+00:00",
  "n_train_samples": 199019,
  "contamination": 0.95,
  "feature_cols": [
    "V1",
    "V2",
    "V3",
    "V4",
    "V5",
    "V6",
    "V7",
    "V8",
    "V9",
    "V10",
    "V11",
    "V12",
    "V13",
    "V14",
    "V15",
    "V16",
    "V17",
    "V18",
    "V19",
    "V20",
    "V21",
    "V22",
    "V23",
    "V24",
    "V25",
    "V26",
    "V27",
    "V28",
    "Amount",
    "hour_of_day",
    "day_of_week",
    "txn_velocity_1h",
    "Amount_log",
    "amount_zscore",
    "is_night",
    "high_velocity"
  ],
  "training_seconds": 31.64,
  "train_losses": [
    0.7171087980708244,
    0.7170039194939203,
    0.7169976756480947,
    0.7167691345408771,
    0.7168706697781638
  ],
  "val_losses": [
    0.7193716168403625,
    0.7197972536087036,
    0.7193204760551453,
    0.7202869653701782,
    0.719204306602478
  ]
}