{
  "precision": 0.03246107982775753,
  "recall": 1.0,
  "f1": 0.0628809752967597,
  "roc_auc": 0.995052463163093,
  "pr_auc": 0.3477966427775594,
  "threshold": 0.4893504765933568,
  "n_test_samples": 56962,
  "fraud_detected": 3019,
  "total_fraud": 98,
  "trained_at": "2026-04-22T19:57:36.214038+00:00",
  "n_train_samples": 199019,
  "contamination": 0.001,
  "best_params": {
    "contamination": 0.001,
    "max_features": 1.0,
    "n_estimators": 200
  },
  "feature_cols": [
    "V1",
    "V2",
    "V3",
    "V4",
    "V5",
    "V6",
    "V7",
    "V8",
    "V9",
    "V10",
    "V11",
    "V12",
    "V13",
    "V14",
    "V15",
    "V16",
    "V17",
    "V18",
    "V19",
    "V20",
    "V21",
    "V22",
    "V23",
    "V24",
    "V25",
    "V26",
    "V27",
    "V28",
    "Amount",
    "hour_of_day",
    "day_of_week",
    "txn_velocity_1h",
    "Amount_log",
    "amount_zscore",
    "is_night",
    "high_velocity"
  ],
  "training_seconds": 69.93
}